ISBN	Author	Title
201361213	Robert Sedgewick	Algorithms in Java Part 5.
201539217	Skapura	Building Neural Networks (ACM Press)
201539217	"Skapura, David M."	Building Neural Networks
201361213	R. Sedgewick	Algorithms in Java Part 5. Graph Algorithms.
201361213	"Sedgewick, Robert"	ALGORITHMS IN JAVA PART 5 3/E
201361213	"Sedgewick, Robert"	Algorithms in Java 3ed Part 5 Graph Algo
201539217	David M. Skapura	Building Neural Networks
201361213	"Sedgewick, Robert"	Algorithms in Java
		
		
		
ISBN	Author	Title
201361213	Robert Sedgewick	Algorithms in Java Part 5.
201361213	R. Sedgewick	Algorithms in Java Part 5. Graph Algorithms.
201361213	"Sedgewick, Robert"	ALGORITHMS IN JAVA PART 5 3/E
201361213	"Sedgewick, Robert"	Algorithms in Java 3ed Part 5 Graph Algo
201361213	"Sedgewick, Robert"	Algorithms in Java
201539217	Skapura	Building Neural Networks (ACM Press)
201539217	"Skapura, David M."	Building Neural Networks
201539217	David M. Skapura	Building Neural Networks
		
		
ISBN	Author	Title
201361213	"Sedgewick, Robert"	Algorithms in Java Part 5. Graph Algorithms.
201361213	"Sedgewick, Robert"	Algorithms in Java Part 5. Graph Algorithms.
201361213	"Sedgewick, Robert"	Algorithms in Java Part 5. Graph Algorithms.
201361213	"Sedgewick, Robert"	Algorithms in Java Part 5. Graph Algorithms.
201361213	"Sedgewick, Robert"	Algorithms in Java Part 5. Graph Algorithms.
201539217	"Skapura, David M."	Building Neural Networks (ACM Press)
201539217	"Skapura, David M."	Building Neural Networks (ACM Press)
201539217	"Skapura, David M."	Building Neural Networks (ACM Press)
